BID,CALL #(BIBLIO),AUTHOR,TITLE,PUB INFO
B0000000258,VIE 895.9221 T,"TrÆ°Æ¡ng, TÌ‰Æ°u, 1913-1999.",Kinh thi vá»‹Ãªt Nam / TrÆ°Æ¡ng TÆ°Ì‰u.,"Houston : XuÃ¢n Thu, c1958."
B0000000257,SPA J 305.23 R,"Rius, MarÃ­a.","Los niÃ±os / MarÃ­a Rius, Josep Ma. ParramÃ³n.","Nueva York : Barron's, 1987."
B0000000256,SPA FIC WRIGHT,"Wright, Laura.",PasiÃ³n desbordada / Laura Wright.,"Madrid : Harlequin IbÃ©rica, [2004]."
B0000000255,SPA FIC CLARK,"Clark, Carol Higgins.",Suerte esquiva / Carol Higgins Clark.,"Barcelona : Titania : Ediciones Urano, 2004."
B0000000254,SPA FIC CHAVIANO,"Chaviano, DaÃ­na, 1957-",Los mundos que amo / DaÃ­na Chaviano.,"BogotÃ¡, Colombia : Alfaguara, c2004."
B0000000253,SPA 861 N,"Neruda, Pablo, 1904-1973.",Todo el amor de Neruda / Pablo Neruda.,"Mexico, D.F. : Grupo Editorial Tomo, c2005."
B0000000252,SCHL 0221,"Civardi, Walter, photographer.",New dorm [picture] / Walter Civardi.,"[Brooklyn Eagle], 1954."
B0000000251,RUS 947.0099 K,"Kraskova, Valentina.",Nasledniki Kremlï¸ iï¸¡a / Valentina Kraskova.,"Minsk : Literatura , 1997."
B0000000250,RUS 891.77 Z,"Zinoviev, Aleksandr, 1922-2006.",Zateï¸ iï¸¡a / Aleksandr ZinovÊ¹ev.,"Moskva : ï¸ Tï¸¡Sentrpoligraf, 2000."
B0000000249,q981 D,"Dicks, Brian.",Brazil / Brian Dicks.,"New York : Facts On File, c2003."
B0000000248,q796.4257 S,"Scheppler, Bill.",The ironman triathlon / by Bill Scheppler.,"New York, NY : Rosen Central, 2002."
B0000000247,q726.5 B957 B,"Branner, Robert.",Burgundian Gothic architecture.,"London, A. Zwemmer, 1960 [i.e. 1961]"
B0000000246,q646.404 Z,"Zieman, Nancy Luedtke.",Pattern fitting with confidence / Nancy Zieman.,"Iola, WI : Krause Publications, 2008."
B0000000245,q332.61 W,Wiener BÃ¶rse.,Jahresbericht / Wiener BÃ¶rse.,"Wien : Die BÃ¶rse, [1987-"
B0000000244,q016.629135 U58 AMI,United States. Dept. of the Army.,"Missiles, rockets, and space vehicles, 1959-1960.","[Washington, U.S. Govt. Print. Off.] 1960."
B0000000243,q016.629135 U58 AMI,United States. Dept. of the Army.,"Missiles, rockets, and space vehicles, 1959-1960.","[Washington, U.S. Govt. Print. Off.] 1960."
B0000000242,q016.629135 U58 AMI,United States. Dept. of the Army.,"Missiles, rockets, and space vehicles, 1959-1960.","[Washington, U.S. Govt. Print. Off.] 1960."
B0000000241,q016.35303 U58 LAR,Library of Congress. Manuscript Division.,Index to the Chester A. Arthur papers.,Washington [Govt. Print. Off.] 1961.
B0000000240,Mu q785.11 C87 S3,"Cowell, Henry, 1897-1965.",Symphony no. 11 7 rituals of music.,"New York, Associated Music Publishers [c1955]"
B0000000239,Mu f786.4 F,"Finney, Ross Lee, 1906-1997.",24 piano inventions.,"New York, C. F. Peters Corp. [1971]"
B0000000238,Mu f783.4 D229 M,"Daser, Ludwig, ca. 1525-1589.",Motetten. Hrsg. von Anton Schneiders.,"Lippstadt, Kistner & Siegel, 1964."
B0000000237,J-E WELLS,"Wells, Rosemary.",Old MacDonald / Rosemary Wells.,"New York : Scholastic Press, c2006."
B0000000236,J-E STAAKE,"Staake, Bob, 1957-",This is not a pumpkin / by Bob Staake.,"New York : Little Simon, c2007."
B0000000235,J-E FREEMAN,"Freeman, Don, 1908-1978.",Earl the squirrel / Don Freeman.,"New York, N.Y. : Viking, 2005."
B0000000234,J-E BARTON,"Barton, Byron.",Planes / Byron Barton.,"New York : HarperFestival, c1986."
B0000000233,J-E,"Hoff, Syd, 1912-2004.",Sammy the seal / story and pictures by Syd Hoff.,"[New York] : HarperTrophy, 2000."
B0000000232,J-E,"Kalman, Maira.","Next stop, Grand Central / by Maira Kalman.","New York : G.P. Puffin Books, 2001."
B0000000231,J-E,"Cooper, Helen (Helen F.)",Tatty Ratty / Helen Cooper.,"New York : Farrar Straus Giroux, 2002."
B0000000230,J-E,"Delacre, Lulu.",Rafi and Rosi / by Lulu Delacre.,"[New York] : Rayo/HarperCollins, c2004."
B0000000229,J-E,"Barton, Byron.","Dinosaurs, dinosaurs / by Byron Barton.","[New York] : HarperCollins, c1989."
B0000000228,J FIC L,"Lobel, Arnold.",Fables / written and illustrated by Arnold Lobel.,"[New York] : Harper & Row, c1980."
B0000000227,J FIC L,"Lobel, Arnold.",Fables / written and illustrated by Arnold Lobel.,"[New York] : Harper & Row, c1980."
B0000000226,J FIC L,"Lobel, Arnold.",Fables / written and illustrated by Arnold Lobel.,"[New York] : Harper & Row, c1980."
B0000000225,J FIC K,"Konigsburg, E. L.",Up from Jericho Tel / by E.L. Konigsburg.,"New York : Atheneum, c1986."
B0000000224,J FIC F,"Farshtey, Greg.",Rahi beasts / by Greg Farshtey and Jeff James.,"New York, NY : Scholastic, c2005."
B0000000223,J FIC CHRISTOPHER,"Christopher, Matt.",Snowboard showdown / [Matt Christopher].,"Chicago, Ill. : Norwood House Press, 2007, c1999."
B0000000222,J FIC C,"Codell, EsmÃ© Raji, 1968-",Sahara special / EsmÃ© Raji Codell.,"New York : Hyperion Books For Children, c2003."
B0000000221,J FIC B,"Byars, Betsy Cromer.",Disappearing acts / by Betsy Byars.,"New York, NY : Puffin Books, 2000."
B0000000220,J FIC,"Myers, Walter Dean, 1937-",The dragon takes a wife.,"Indianapolis, c1972."
B0000000219,J B CLEARY G,"Cleary, Beverly.",A girl from Yamhill : a memoir / Beverly Cleary.,"New York : Morrow, c1988."
B0000000218,J 971.9 N,"Nobleman, Marc Tyler.",The Klondike gold rush / by Marc Tyler Nobleman.,"Minneapolis, MN : Compass Point Books, c2006."
B0000000217,J 971.9 N,"Nobleman, Marc Tyler.",The Klondike gold rush / by Marc Tyler Nobleman.,"Minneapolis, MN : Compass Point Books, c2006."
B0000000216,J 971.9 N,"Nobleman, Marc Tyler.",The Klondike gold rush / by Marc Tyler Nobleman.,"Minneapolis, MN : Compass Point Books, c2006."
B0000000215,J 970.004 L,"Landau, Elaine.",The Pomo / Elaine Landau.,"New York : F. Watts, c1994."
B0000000214,J 796.04 K,"Kennedy, Mike, 1965-",Special Olympics / by Mike Kennedy.,"New York : Children's Press, c2002."
B0000000213,J 794.1 H,"Hochberg, Burt.",Chess braintwisters / Burt Hochberg.,"New York : Sterling Pub., c1999."
B0000000212,J 614.5 R,"Ramen, Fred.",Influenza / Fred Ramen.,"New York : Rosen, 2001."
B0000000211,J 599.8 C,"Collard, Sneed B.",In the wild / by Sneed B. Collard III.,"New York : Marshall Cavendish/Benchmark, c2006."
B0000000210,J 598.297 L,"Lerner, Carol.",Backyard birds of summer / Carol Lerner.,"New York : Morrow Junior Books, c1996."
B0000000209,J 598.297 L,"Lerner, Carol.",Backyard birds of summer / Carol Lerner.,"New York : Morrow Junior Books, c1996."
B0000000208,J 598.297 L,"Lerner, Carol.",Backyard birds of summer / Carol Lerner.,"New York : Morrow Junior Books, c1996."
B0000000207,J 597.0074 A,Aliki.,My visit to the aquarium / Aliki.,"[New York] : HarperCollins, [1996], c1993."
B0000000206,J 595.7 W,"Wilkes, Sarah, 1964-",Insects / Sarah Wilkes.,"Milwaukee, WI : World Almanac Library, 2006."
B0000000205,J 593.53 L,"Landau, Elaine.",Jellyfish / by Elaine Landau.,"New York : Children's Press, c1999."
B0000000204,J 567.91 C,"Cohen, Daniel, 1936-",Apatosaurus / by Daniel Cohen.,"Mankato, Minn. : Bridgestone Books, c2001."
B0000000203,J 567.91 A,Aliki.,Digging up dinosaurs / by Aliki.,"New York : T.Y. Crowell, c1988."
B0000000202,J 371.9 K,"Kent, Deborah.",Athletes with disabilities / Deborah Kent.,"New York : F. Watts, c2003."
B0000000201,ITA 641.5945 S,"Santini, Aldo.",La cucina livornese / Aldo Santini.,"Padova : F. Muzzio, c1988."
B0000000200,HEB FIC MICHAEL,"Michael, Sami.",Mayim noshá¸³im le-mayim / Sami MikhaÊ¼el.,"Tel Aviv : Ê»Am Ê»oved, c2001."
B0000000199,GOLD 0017,"Goldfarb, Anders, 1954-",Self portrait [picture] / Anders Goldfarb.,c1984.
B0000000198,FIC Z,"Zahn, Timothy.",The last command / Timothy Zahn.,"New York : Bantam Books, c1993."
B0000000197,FIC WOOTSON,"Wootson, Alice.",Snowbound with love / Alice Wootson.,"Washington D.C. : BET Publications, c2000."
B0000000196,FIC Winterson,"Winterson, Jeanette, 1959-",Gut symmetries / Jeanette Winterson.,"New York : Knopf, 1997."
B0000000195,FIC White,"White, Edmund, 1940-",Skinned alive : stories / Edmund White.,"New York : Knopf, 1995."
B0000000194,FIC WALKER,"Walker, Shiloh.",Chains / Shiloh Walker.,"New York : Heat, 2009."
B0000000193,FIC WALKER,"Walker, Shiloh.",Chains / Shiloh Walker.,"New York : Heat, 2009."
B0000000192,FIC WALKER,"Walker, Shiloh.",Chains / Shiloh Walker.,"New York : Heat, 2009."
B0000000191,FIC WALKER,"Walker, Shiloh.",Chains / Shiloh Walker.,"New York : Heat, 2009."
B0000000190,FIC W,"Ward, Elizabeth C.",A nice little beach town / E.C. Ward.,"New York : St. Martin's Press, c1989."
B0000000189,FIC W,"Ward, Elizabeth C.",Coast Highway 1 / Elizabeth C. Ward.,"New York : Walker, c1983."
B0000000188,FIC W,"Wallingford, Lee.",Cold tracks / Lee Wallingford.,"New York : Walker and Co., c1991."
B0000000187,FIC VOIGT,"Voigt, Cynthia.",Dicey's song / Cynthia Voigt.,"New York : Aladdin Paperbacks, 2003."
B0000000186,FIC VOIGT,"Voigt, Cynthia.",Dicey's song / Cynthia Voigt.,"New York : Aladdin Paperbacks, 2003."
B0000000185,FIC VOIGT,"Voigt, Cynthia.",Dicey's song / Cynthia Voigt.,"New York : Aladdin Paperbacks, 2003."
B0000000184,FIC VOIGT,"Voigt, Cynthia.",Dicey's song / Cynthia Voigt.,"New York : Aladdin Paperbacks, 2003."
B0000000183,FIC VAN WORMER,"Van Wormer, Laura, 1955-",Riverside Drive / Laura Van Wormer.,"Don Mills, Ont., Canada : Mira Books, c1988."
B0000000182,FIC TIERNAN,"Tiernan, Cate.",Full circle / Cate Tiernan.,"New York : Puffin Books, 2002."
B0000000181,FIC TAYLOR,"Taylor, Vickie.",A doctor's watch / Vickie Taylor.,"New York : Silhouette Books, c2010."
B0000000180,FIC T,"Thirkell, Angela, 1890-1961.",Private enterprise / by Angela Thirkell.,"New York : Knopf, 1948, c1947."
B0000000179,FIC STOKES,"Stokes, Penelope J.",The amethyst heart / Penelope J. Stokes.,"Nashville : Word, 2000."
B0000000178,FIC SMALL,"Small, Bertrice.",The border lord and the lady / Bertrice Small.,"New York : New American Library, 2009."
B0000000177,FIC SHINN,"Shinn, Sharon.",Gateway / Sharon Shinn.,"New York : Viking, 2009."
B0000000176,FIC SCOTTOLINE,"Scottoline, Lisa.",Legal tender / Lisa Scottoline.,"New York : HarperCollins Publishers, 1996."
B0000000175,FIC SCOTTOLINE,"Scottoline, Lisa.",Legal tender / Lisa Scottoline.,"New York : HarperCollins Publishers, 1996."
B0000000174,FIC S,"Slavitt, David R., 1935-",Lives of the saints / David R. Slavitt.,"New York : Atheneum, c1989."
B0000000173,FIC S,"Sanchez, Thomas.",Zoot-suit murders.,"New York, Dutton, c1978."
B0000000172,FIC S,"Salinger, Pierre.",Mortal games / Pierre Salinger and Leonard Gross.,"New York : Doubleday, c1988."
B0000000171,FIC RISQUE,RisquÃ©.,The sweetest taboo : a novel / RisquÃ©.,"New York : One World Ballantine Books, c2007."
B0000000170,FIC RICKSTAD,"Rickstad, Eric.",Reap / Eric Rickstad.,"New York, N.Y. : Penguin Books, 2001."
B0000000169,FIC PIRANDELLO,"Pirandello, Luigi, 1867-1936.","A character in distress, by Luigi Pirandello.","London, Duckworth [1938]"
B0000000168,FIC PETERS,"Peters, Elizabeth.",Night train to Memphis / Elizabeth Peters.,"New York : Warner Books, 1995, c1994."
B0000000167,FIC OLSHAN,"Olshan, Joseph.",The conversion / Joseph Olshan.,"New York : St. Martin's Press, 2008."
B0000000166,FIC Nachman/Dykewomon,"Nachman/Dykewomon, Elana.",Beyond the pale : a novel / by Elana Dykewomon.,"Vancouver : Press Gang Publishers, c1997."
B0000000165,FIC NABOKOV,"Nabokov, Vladimir Vladimirovich, 1899-1977.",Pnin / Vladimir Nabokov.,"New York : Vintage Books, 1989, c1957."
B0000000164,FIC MURRAY,"Murray, Victoria Christopher.",Aaliyah / Victoria Christopher Murray.,"New York : Pocket Books, 2009."
B0000000163,FIC MOONEY,"Mooney, Ted.",Singing into the piano / Ted Mooney.,"New York : Vintage Books, 1999, c1998."
B0000000162,FIC MITCHARD,"Mitchard, Jacquelyn.",The deep end of the ocean / Jacquelyn Mitchard.,"New York : Signet Book, [1997]"
B0000000161,FIC MCWILLIAMS,"McWilliams, Kelly.",Doormat : a novel / by Kelly McWilliams.,"New York : Delacorte Press, c2004."
B0000000160,FIC MAXTED,"Maxted, Anna.",Behaving like adults : a novel / Anna Maxted.,"New York, NY : ReganBooks, 2004, c2003."
B0000000159,FIC M,"Maupin, Armistead.",Significant others / Armistead Maupin.,"New York : Perennial Library, c1987."
B0000000158,FIC M,"Maupin, Armistead.",Significant others / Armistead Maupin.,"New York : Perennial Library, c1987."
B0000000157,FIC LANDIS,"Landis, Jill Marie.",Magnolia Creek / Jill Marie Landis.,"New York : Ballantine Books, 2002."
B0000000156,FIC KRULIK,"Krulik, Nancy E.",Off to see the wizard / Nancy Krulik.,"New York : Simon Pulse, 2002."
B0000000155,FIC KENYON,"Kenyon, Sherrilyn, 1965-",Kiss of the night / Sherrilyn Kenyon.,"New York : St. Martin's Paperbacks, c2004."
B0000000154,FIC KARP,"Karp, Larry.",The music box murders / by Larry Karp.,"Toronto : Worldwide, 2000."
B0000000153,FIC K,"Kupfer, Fern.",No regrets / Fern Kupfer.,"New York : Viking, c1989."
B0000000152,FIC JOHNSTON,"Johnston, Joan, 1948-",A stranger's game / Joan Johnston.,"New York : Pocket Books, 2009, c2008."
B0000000151,FIC JOHANSEN,"Johansen, Iris.",The beloved scoundrel / Iris Johansen.,"New York : Bantam Books, 2007."
B0000000150,FIC JARRETT,"Jarrett, Liz.",A little night magic / Liz Jarrett.,"Toronto New York : Harlequin, c2005."
B0000000149,FIC JAMES,"James, Eloisa.",Duchess by night / Eloisa James.,"New York : Avon Books, c2008."
B0000000148,FIC Irving,"Irving, John, 1942-",A widow for one year : a novel / John Irving.,"New York : Random House, c1998."
B0000000147,FIC HORNBACHER,"Hornbacher, Marya, 1974-",The center of winter / Marya Hornbacher.,"New York : HarperCollins Publishers, 2005."
B0000000146,FIC HOPPER,"Hopper, James, 1876-1956.","9009, by James Hopper and Fred. R. Bechdolt.","Upper Saddle River, N.J., Gregg Press [1968]"
B0000000145,FIC HAIG,"Haig, Brian.",The hunted / Brian Haig.,"New York : Grand Central Pub., 2009."
B0000000144,FIC GARFIELD,"Garfield, Brian, 1939-",What of Terry Conniston?,c1971.
B0000000143,FIC FROMMER,"Frommer, Sara Hoskinson.",Witness in Bishop Hill / Sara Hoskinson Frommer.,"Toronto New York : Worldwide, 2004."
B0000000142,FIC FLANAGAN,"Flanagan, Bill, 1955-",Evening's empire / Bill Flanagan.,"New York : Simon & Schuster, 2010."
B0000000141,FIC FERGUSON,"Ferguson, Brad.",The last stand / Brad Ferguson.,"New York : Pocket Books, c1995."
B0000000140,FIC F,"Finder, Joseph.",Extraordinary powers / Joseph Finder.,"New York : Ballantine Books, c1993."
B0000000139,FIC F,"Farrell, James T. (James Thomas), 1904-1979.",A dangerous woman and other stories.,"New York, Vanguard Press [1957]"
B0000000138,FIC E,"Egan, Lesley, 1921-1988.",A choice of crimes.,"Garden City, N.Y. : Doubleday, c1980."
B0000000137,FIC DOUGLASS,"Douglass, Sara.",Druid's sword / Sara Douglass.,"New York : Tor, 2006."
B0000000136,FIC DOHERTY,"Doherty, P. C.",Corpse candle / P.C. Doherty.,"New York : St. Martin's Minotaur, 2002, c2001."
B0000000135,FIC DOBYNS,"Dobyns, Stephen, 1941-",The church of dead girls / Stephen Dobyns.,"Rockland, MA. : Wheeler Pub., 1997."
B0000000134,FIC DELINSKY,"Delinsky, Barbara.",The secret between us / Barbara Delinsky.,"New York : Doubleday, c2008."
B0000000133,FIC D,"Dominic, R. B.",Epitaph for a lobbyist.,"Garden City, N.Y. : Doubleday, c1974."
B0000000132,FIC D,"Del Rey, Lester, 1915-1993.",Attack from Atlantis / by Lester Del Rey.,"New York : Grosset & Dunlap, 1969, c1953."
B0000000131,FIC D,"Disch, Thomas M.",The M.D. / Thomas M. Disch.,"New York : Knopf, c1991."
B0000000130,FIC CORD,"Cord, Barry, 1913-1983.",Hell in Paradise Valley / Barry Cord.,"Thorndike, Me. : G.K. Hall, 1999."
B0000000129,FIC CONRAD,"Conrad, Joseph, 1857-1924.",Within the tides : tales / by Joseph Conrad.,"Garden City, N.Y. : Doubleday, Page, 1924."
B0000000128,FIC CLELAND,"Cleland, Jane K.",Deadly appraisal / Jane K. Cleland.,"New York : St. Martin's Paperbacks, 2008, c2007."
B0000000127,FIC CAINE,"Caine, Rachel.",Unknown / Rachel Caine.,"New York : Roc, c2010."
B0000000126,FIC C,"Clayton, Jo.",Shadowplay / Jo Clayton.,"New York, NY : DAW Books, c1990."
B0000000125,FIC BRIGGS,"Briggs, Patricia.",Dragon blood / Patricia Briggs.,"New York : Ace Books, 2003."
B0000000124,FIC BLACK,"Black, Shayla.",Tempt me with darkness / Shayla Black.,"New York : Pocket Books, 2008."
B0000000123,FIC BARKER,"Barker, Clive.",The hellbound heart / Clive Barker.,"New York : Harper, 2007, c1986."
B0000000122,FIC BANKS,"Banks, Cam.",The sellsword / Cam Banks.,"Renton, WA : Wizards of the Coast, c2008."
B0000000121,FIC B,"Buckman, Peter.",The Rothschild conversion.,"New York, McGraw-Hill, c1979."
B0000000120,FIC B,"Buckman, Peter.",The Rothschild conversion.,"New York, McGraw-Hill, c1979."
B0000000119,FIC B,"Bennett, Arnold, 1867-1931.","A man from the north, by E. A. Bennett.","London and New York, John Lane, 1898."
B0000000118,FIC B,"Banville, John.",Ghosts / John Banville.,"New York : Vintage International, 1994."
B0000000117,FIC ANDREWS,"Andrews, V. C. (Virginia C.)",Jade / V. C. Andrews.,"New York, NY : Pocket Books, c1999."
B0000000116,FIC,"Celmer, Michelle",Round-the-clock Temptation,Harlequin Books 2005
B0000000115,FIC,"West, Wallace.",The bird of time.,"Hicksville, N.Y., Gnome Press [c1959]"
B0000000114,FIC,"Brent, Madeleine.",Merlin's keep.,"Garden City, N. Y., Doubleday, 1978, c1977."
B0000000113,FIC,"De Forest, John William, 1826-1906.",Kate Beaumont.,"[Bald Eagle Press, 1963]"
B0000000112,FIC,"Stuart, Anthony, 1940-",Vicious circles.,"New York, Arbor House, c1978."
B0000000111,FIC,"Parker, Gilbert, 1862-1932.","Northern lights, by Gilbert Parker.","New York, London, Harper & Brothers, 1909."
B0000000110,FIC,"Allingham, Margery, 1904-1966.",The Allingham case-book.,c1969.
B0000000109,FIC,"Rhoads, Colleen",Stormcatcher,Harlequin Books 2006
B0000000108,FIC,"Wilder, Robert, 1901-1974.",The wine of youth.,"New York : Putnam, c1955."
B0000000107,CHI FIC DAI,"Dai, Wencai, 1956-",Wo zui shen ai de ren / Dai Wencai zhu.,"Taibei Shi : Jiu ge chu ban she, 2001."
B0000000106,CHI 951.132 Z,"Zhang, Wei, 1956-",Hu du jiu ying / Zhang Wei zhu.,"Shanghai : Shanghai ci shu chu ban she, 2002."
B0000000105,CHI 822.33 S52 Q3 L,"Shakespeare, William, 1564-1616.",880-01 Xun han fu / Liang Shiqiu yi .,"880-02 Taibei : Yuan dong tu shu gong si, 1999."
B0000000104,CHI 395.2 K,"KÊ»ung, Chen-hsien.",Chung-kuo jen ti li su / KÊ»ung Chen-hsien pien.,"TÊ»ai-pei shih : Wen hui chÊ»u pan she, [1988?]"
B0000000103,CD WORLD LATIN PAUSINI,"Pausini, Laura.",Yo canto (CD) [sound recording] / Laura Pausini.,"[United States] : Warner Music Latina, 2006."
B0000000102,CD OPERA PUCCINI,"Puccini, Giacomo, 1858-1924.",Il trittico [sound recording] / Giacomo Puccini.,"New York, N.Y. : CBS Records Masterworks, [199-?]"
B0000000101,CD CHORAL ROSSINI,"Rossini, Gioacchino, 1792-1868.",Stabat Mater [sound recording] / Rossini.,"Paris, France : Erato Disques, c1997."
B0000000100,B VICTORIA E,"Epton, Nina Consuelo.",Victoria and her daughters / Nina Epton.,"New York : Norton, c1971."
B0000000099,B L6745 S,"Sulzberger, C. L. (Cyrus Leo), 1912-","Sit down with John L. Lewis, by C. L. Sulzberger.","New York, Random House [c1938]"
B0000000098,B HEMINGWAY P,"Pratt, Paula Bryant, 1959-",Ernest Hemingway / by Paula Bryant Pratt.,"San Diego, CA : Lucent Books, c1999."
B0000000097,B HEMINGWAY P,"Pratt, Paula Bryant, 1959-",Ernest Hemingway / by Paula Bryant Pratt.,"San Diego, CA : Lucent Books, c1999."
B0000000096,B H4172,"Hayes, Ellen, 1851-","Wild turkeys and tallow candles, by Ellen Hayes.","Boston, The Four seas company, 1920."
B0000000095,B H4172,"Hayes, Ellen, 1851-","Wild turkeys and tallow candles, by Ellen Hayes.","Boston, The Four seas company, 1920."
B0000000094,B H4172,"Hayes, Ellen, 1851-","Wild turkeys and tallow candles, by Ellen Hayes.","Boston, The Four seas company, 1920."
B0000000093,B EASTWOOD S,"Schickel, Richard.",Clint Eastwood : a biography / Richard Schickel.,"New York : Knopf, 1996."
B0000000092,B EASTWOOD S,"Schickel, Richard.",Clint Eastwood : a biography / Richard Schickel.,"New York : Knopf, 1996."
B0000000091,B EASTWOOD S,"Schickel, Richard.",Clint Eastwood : a biography / Richard Schickel.,"New York : Knopf, 1996."
B0000000090,974.721 W,"Wilson, Rufus Rockwell, 1865-1949.",Historic Long Island.,"Port Washington, N.Y., I. J. Friedman [1969]"
B0000000089,959.704 A,"Archer, Jules.",Ho chi Minh: legend of Hanoi.,Crowell-Collier Press [c1971]
B0000000088,956.7044 B,"Balian, Basil, 1940-",Once upon a time in Iraq / Basil Balian.,"[Charleston, S.C.] : BookSurge, 2008."
B0000000087,944.033 G,"Green, David BrontÃ«, 1910-",Blenheim / David Green.,"New York, Scribner [c1974]"
B0000000086,916.8034 T,"Trollope, Anthony, 1815-1882.",South Africa.,"London, Dawsons, 1968."
B0000000085,916.8034 T,"Trollope, Anthony, 1815-1882.",South Africa.,"London, Dawsons, 1968."
B0000000084,916.8034 T,"Trollope, Anthony, 1815-1882.",South Africa.,"London, Dawsons, 1968."
B0000000083,915.2135 B,"Bender, Andrew.","Tokyo / Andrew Bender, Wendy Yanagihara.","Footscray, Vic. London : Lonely Planet, 2006."
B0000000082,914.94 S39,"Schuster, Claud, 1869-1956.","Peaks and pleasant pastures, by Claud Schuster.","Oxford, The Clarendon Press, 1911."
B0000000081,833 M28 F,"Feuerlicht, Ignace.",Thomas Mann.,Twayne Publishers [c1968]
B0000000080,828.9 S894 K,"Kallich, Martin, 1918-",The psychological milieu of Lytton Strachey.,"New York, Bookman Associates [1961]"
B0000000079,826.09 A546 F,"Anderson, Howard.",The familiar letter in the eighteenth century.,"University of Kansas Press, 1966."
B0000000078,822.3 R65 B,"Robertson, J. M. (John Mackinnon), 1856-1933.",The Baconian heresy a confutation.,"Freeport, N.Y., Books for Libraries Press [1970]"
B0000000077,821.7 F354 M,"MacLaine, Allan H.",Robert Fergusson.,Twayne Publishers [c1965]
B0000000076,821.7 F354 M,"MacLaine, Allan H.",Robert Fergusson.,Twayne Publishers [c1965]
B0000000075,821.7 F354 M,"MacLaine, Allan H.",Robert Fergusson.,Twayne Publishers [c1965]
B0000000074,821.7 F354 M,"MacLaine, Allan H.",Robert Fergusson.,Twayne Publishers [c1965]
B0000000073,821 K,"Kennelly, Brendan.",Selected poems / Brendan Kennelly.,"New York : E.P. Dutton, 1972."
B0000000072,820.9 F8545 M,"Freeman, John, 1880-1929.",The moderns essays in literary criticism.,"Freeport, N.Y., Books for Libraries Press [1967]"
B0000000071,818.5 B181 M,"Baldwin, Faith, 1893-1978.",Many windows seasons of the heart.,"New York, Rinehart, c1958."
B0000000070,818 S91,"Stringer, Margaret.",Confessions of an author's wife.,"Indianapolis, Bobbs-Merrill [c1927]"
B0000000069,818 P386,"Pellegrini, Angelo M.",Immigrant's return.,"New York, Macmillan, 1951."
B0000000068,812 M81 F,"Moody, William Vaughn, 1869-1910.",The faith healer a play in three acts.,"New York, The Macmillan Company, 1910."
B0000000067,812 M,"Mandel, Oscar.",Collected plays.,"[Santa Barbara, Calif.] Unicorn Press [1970-"
B0000000066,812 K,"Kushner, William.",A night for ghosts.,"New York, Breakthrough Press [1968]"
B0000000065,812 H714 S,"Hogan, Robert Goode, 1930-","Saint Jane, by Robert Hogan.","Dixon, Calif. Proscenium Press [c1966]"
B0000000064,811 S,"Seidel, Frederick, 1936-",Going fast : poems / Frederick Seidel.,"New York : Farrar, Straus and Giroux, 1998."
B0000000063,811 P,"Pastan, Linda, 1932-",The five stages of grief.,"New York, Norton, c1978."
B0000000062,811 C28 CI,"Carleton, Will, 1845-1912.",City ballads.,"Harper & brothers, 1886."
B0000000061,811 A4252,"Allen, Dale.",Metrical musings / by Dale Allen.,"Philadelphia : Dorrance & Co., c1952."
B0000000060,809 N952 O,"Noyes, Alfred, 1880-1958.",The opalescent parrot essays.,"Freeport, N.Y., Books for Libraries Press [1968]"
B0000000059,808.042 R,"Ross-Larson, Bruce Clifford, 1942-",Stunning sentences / Bruce Ross-Larson.,"New York : W.W. Norton, c1999."
B0000000058,759.9492 VERMEER S,"Snow, Edward A.",A study of Vermeer / Edward Snow.,"Berkeley : University of California Press, c1994."
B0000000057,759.9492 VERMEER S,"Snow, Edward A.",A study of Vermeer / Edward Snow.,"Berkeley : University of California Press, c1994."
B0000000056,759.9492 VERMEER S,"Snow, Edward A.",A study of Vermeer / Edward Snow.,"Berkeley : University of California Press, c1994."
B0000000055,709 G625 P,"Goldwater, Robert John, 1907-1973.",Primitivism in modern art.,"New York, Vintage books [c1966]"
B0000000054,681.114 J,"Judy, Dean.",Watches / Dean Judy.,"Iola, WI. : Krause, 2008."
B0000000053,674.2 A,"Andrews, Ralph W. (Ralph Warren), 1897-1988",This was sawmilling.,"New York, Bonanza Books [c1957]"
B0000000052,674.2 A,"Andrews, Ralph W. (Ralph Warren), 1897-1988",This was sawmilling.,"New York, Bonanza Books [c1957]"
B0000000051,674.2 A,"Andrews, Ralph W. (Ralph Warren), 1897-1988",This was sawmilling.,"New York, Bonanza Books [c1957]"
B0000000050,658.787 B,"Bragg, Steven M.",Inventory best practices / Steven M. Bragg.,"Hoboken, N.J. : J. Wiley, c2004."
B0000000049,658.787 B,"Bragg, Steven M.",Inventory best practices / Steven M. Bragg.,"Hoboken, N.J. : J. Wiley, c2004."
B0000000048,658.787 B,"Bragg, Steven M.",Inventory best practices / Steven M. Bragg.,"Hoboken, N.J. : J. Wiley, c2004."
B0000000047,658.403 H,"Heller, Robert, 1932-",Making decisions / Robert Heller.,"New York, N.Y. : DK Publishing, 1998."
B0000000046,636.0887 A,"Adamson, Eve.",Adopting a pet for dummies / Eve Adamson.,"Hoboken, N.J. : Wiley Pub., c2006."
B0000000045,629.2222 ALFA ROMEO H,"Hull, Peter.",Alfa Romeo.,"[New York, Ballantine Books, 1971]"
B0000000044,621.4 R278,"Razak, Kenneth.",Full-scale wind tunnel tests of 1949 automobiles.,"[Wichita, Kan., 1950]"
B0000000043,621.3192 M,"McMahon, David (David M.)",Circuit analysis demystified / David McMahon.,"New York : McGraw Hill, c2008."
B0000000042,621.3192 M,"McMahon, David (David M.)",Circuit analysis demystified / David McMahon.,"New York : McGraw Hill, c2008."
B0000000041,621.3192 M,"McMahon, David (David M.)",Circuit analysis demystified / David McMahon.,"New York : McGraw Hill, c2008."
B0000000040,609 F694 S2,"Forbes, R. J. (Robert James), 1900-","Studies in ancient technology, by R. J. Forbes.","Leiden, E. J. Brill, 1964-"
B0000000039,591 H,"Hanenkrat, Frank T.",Wildlife watcher's handbook.,"New York, Winchester Press, c1977."
B0000000038,553 L229 M,"Lamey, Carl A. (Carl Arthur), 1892-",Metallic and industrial mineral deposits.,McGraw-Hill [c1966]
B0000000037,553 C21 M6,"Spence, Hugh S. (Hugh Swaine), b. 1885.",Mica / H. S. Spence.,"Ottawa : F. A. Acland, 1929."
B0000000036,539 K93,"KrÃ¶ger, F. A. (Ferdinand Anne)",Some aspects of the luminescence of solids.,"New York, Elsevier Pub. Co., 1948."
B0000000035,523.1 B,"Barrow, John D., 1952-",The origin of the universe / John D. Barrow.,"New York : BasicBooks, c1994."
B0000000034,385.1 D186 P,"Daniels, Gerald David.",Passengers no more [by] G. Daniels & L.A. Dench.,"London, I. Allan [c1965?]"
B0000000033,379 S97 P,"Swett, John, 1830-1913.",Public education in California.,"New York, Arno Press, 1969 [c1911]"
B0000000032,378 G62,"Goldstein, Israel, 1896-",Brandeis University chapter of its founding.,"New York, Bloch Pub. Co. [c1951]"
B0000000031,364.72 C773 K,"Cooks, R. A. F. (Roy Arthur French), 1916-",Keep them out of prison.,[London] Jarrolds [1958]
B0000000030,364.72 C773 K,"Cooks, R. A. F. (Roy Arthur French), 1916-",Keep them out of prison.,[London] Jarrolds [1958]
B0000000029,364.72 C773 K,"Cooks, R. A. F. (Roy Arthur French), 1916-",Keep them out of prison.,[London] Jarrolds [1958]
B0000000028,364.143 B,"Boehme, Lillian R., 1936-",Carte blanche for chaos.,"New Rochelle, N.Y., Arlington House [c1970]"
B0000000027,355 D579,"Dilts, Marion May, b. 1903.","Army guide for women, by Marion May Dilts...","New York, Toronto, Longmans, Green and co., 1942."
B0000000026,353 C63 P,"Cleveland, Grover, 1837-1908.",Presidential problems.,"Freeport, N.Y., Books for Libraries Press [1971]"
B0000000025,342.7308 I,"Irons, Peter H., 1940-",Justice at war / Peter Irons.,"New York : Oxford University Press, c1983."
B0000000024,338.7 G,"Gough, J. W. (John Wiedhofft)",The rise of the entrepreneur [by] J. W. Gough.,Schocken Books [c1969]
B0000000023,338.6509 D,"Darley, Gillian.",Factory / Gillian Darley.,"London : Reaktion, 2003."
B0000000022,335 W45 T,"Wells, H. G. (Herbert George), 1866-1946.","This misery of boots, by H.G. Wells.","Boston, The Ball Publishing Co., 1908."
B0000000021,335 L,"Le Bon, Gustave, 1841-1931.",The psychology of socialism.,"Wells, Vt., Fraser Pub. Co. [1965]"
B0000000020,333.32 F491 E,"Finberg, H. P. R.",The early charters of the West Midlands.,"[Leicester] Leicester University Press, 1961."
B0000000019,332.1 A,American Bankers Association.,Executive development in banking.,"New York, The Association, 1955."
B0000000018,330 V39 IM3,"Veblen, Thorstein, 1857-1929.",Imperial Germany and the industrial revolution.,"A. M. Kelley, 1964 [c1939]"
B0000000017,330 V39 IM3,"Veblen, Thorstein, 1857-1929.",Imperial Germany and the industrial revolution.,"A. M. Kelley, 1964 [c1939]"
B0000000016,330 B16,"Baker, Ray Stannard, 1870-1946.",Our new prosperity.,"New York, Doubleday & McClure Co., 1900."
B0000000015,327.73 L722 U,"Lieuwen, Edwin, 1923-",U.S. policy in Latin America a short history.,"New York, Praeger [1965]"
B0000000014,309.1 K61 S,"Kish, Leslie, 1910-2000.",Survey sampling.,J. Wiley [c1965]
B0000000013,306.484 B,"Bockris, Victor, 1949-",Beat punks / Victor Bockris.,"[United States] : Da Capo, 2000."
B0000000012,305.409 S,"Swisher, Clarice, 1933-",Women of the roaring twenties / Clarice Swisher.,"Farmington Hills : Lucent Books, 2006."
B0000000011,302 W,"Weber, Ann L.",Social psychology / Ann L. Weber.,"New York : HarperPerennial, c1992."
B0000000010,301.363 H,"Hippler, Arthur E.",Hunter's Point a Black ghetto.,"New York, Basic Books [c1974]"
B0000000009,301.363 H,"Hippler, Arthur E.",Hunter's Point a Black ghetto.,"New York, Basic Books [c1974]"
B0000000008,296 J952 J,"Jung, Leo, 1892-1987.",The Jewish library.,"London, New York, Soncion P., c1968-"
B0000000007,211.409 I,"Ingersoll, Robert Green, 1833-1899.",The great infidels / Robert Ingersoll.,"Austin, TX : American Atheist Press, 1990."
B0000000006,173 L66,"Levy, John, 1897-1938.",The happy family [by] John Levy and Ruth Munroe.,A. A. Knopf [c1938]
B0000000005,170 M16,"McLeod, Malcolm James, 1865-1940.","Culture of simplicity, by Malcolm James McLeod","New York, Revell, 1904."
B0000000004,160 A23,"Adler, Mortimer Jerome, 1902-2001.",Dialectic / by Mortimer J. Adler.,"London : Harcourt, Brace &Company, 1927."
B0000000003,136.7 R962 C,"Russell, David Harris, 1906-1965.",Children's thinking.,"Waltham, Mass., Blaisdell Pub. Co. [c1956]"
B0000000002,016.994 F35,"Ferguson, John Alexander, 1881-1969.",Bibliography of Australia.,"Sydney, Angus and Robertson, 1941-1969."
B0000000001,004.165 MACINTOSH P,"Pogue, David, 1963-","Macs for dummies, / by David Pogue.","Hoboken, NJ : Wiley Pub., c2004."
