MID,DVD_Title,Studio,Rating,Year,Genre,DVD_ReleaseDate
M0000000001,F-Troop: The Complete 2nd Season,Warner Brothers,NR,1966,TV Classics,5/29/2007
M0000000002,F. Scott Fitzgerald,Films for the Humanities ...,NR,UNK,Special Interest,4/10/2007
M0000000003,F. Scott Fitzgerald's The Last Of The Belles,Miracle Pictures,NR,1974,Drama,1/1/2003
M0000000004,F. Scott Fitzgerald: The Great American Dream: A&E Biography,A&E Video,NR,1997,Documentary,8/10/2004
M0000000005,F. Scott Fitzgerald: Winter Dreams,Winstar,NR,2001,Documentary,2/19/2002
M0000000006,F. W. Murnau Collection (5-Pack): Nosferatu / The Last Laugh / Tartuffe / Faust / Tabu,Kino,NR,VAR,Horror,11/11/2003
M0000000007,F.A.R.T.: The Movie (1991),Sub Rosa Studios,NR,1991,Comedy,7/27/2010
M0000000008,F.A.R.T.: The Movie (2000),Spectrum,R,2000,Comedy,8/27/2002
M0000000009,F.E.D.S. (Special Edition),Image,NR,1997,Music,5/4/2004
M0000000010,F.I.R.S.T. Progressions [Functional Integrated Rubberized Strength Training],Coaches Choice,NR,2009,Exercise,9/1/2009
M0000000011,F.I.S.T. (Kino Lorber Studio Classics),Kino Lorber Studio Classics,PG,1978,Drama,2/10/2015
M0000000012,F.I.S.T. (Kino Lorber Studio Classics/ Blu-ray),Kino Lorber Studio Classics,PG,1978,Drama,2/10/2015
M0000000013,F.I.S.T. (MGM/UA),MGM/UA,PG,1978,Drama,12/13/2005
M0000000014,F.P.I Antwortet Nicht (a.k.a. F.P.I. Doesn't Answer/ On Demand DVD-R),Grapevine Video,NR,1932,Foreign,6/19/2012
M0000000015,F.T. Island: Zepp Tour 2010 / Hands Up!! / Tokyo Live,WEA Japan,NR,1933,Music,1/11/2011
M0000000016,Americano (2011),MPI,NR,2011,Drama,10/30/2012
M0000000017,Americano (2011/ Blu-ray),MPI,NR,2011,Drama,10/30/2012
M0000000018,Americans & WWII,Topics Entertainment,NR,VAR,Documentary,5/20/2014
M0000000019,Americans In Bed (On Demand DVD-R),HBO Digital Dist.,NR,2013,Documentary,2/11/2014
M0000000020,Americans In Paris: 1860-1900,National Gallery Publications,NR,2006,Special Interest,10/30/2006
M0000000021,Americans Power Presentations With Media Gallery Survey,Holt McDougal,NR,2011,Special Interest,1/5/2011
M0000000022,Americans Survey,Holt McDougal,NR,2011,Special Interest,1/21/2011
M0000000023,Americans Teacher One Stop DVD-ROM Survey,Holt McDougal,NR,2011,Special Interest,1/5/2011
M0000000024,Americans Teacher One Stop DVD-ROM: Reconstruction To The 21st Century,Holt McDougal,NR,2011,Special Interest,1/5/2011
M0000000025,"Americans, Grades 9-12 eEdition DVD Rom: Holt McDougal The Americans Virginia (DVD-ROM)",McDougal Littell,NR,2009,Special Interest,12/31/2009
M0000000026,"Americans, Grades 9-12 eEdition: McDougal Littell The Americans (DVD-ROM)",McDougal Littell,NR,UNK,Special Interest,5/16/2008
M0000000027,Americans: Power Presentations With Media Gallery DVD-ROM: Reconstruction To The 21st Century,Holt McDougal,NR,2011,Special Interest,1/5/2011
M0000000028,Americans: Reconstruction To The 21st Century,Holt McDougal,NR,2011,Special Interest,1/21/2011
M0000000029,Americans: The Complete 1st Season,Fox,NR,2013,TV Classics,2/11/2014
M0000000030,Americans: The Complete 1st Season (Blu-ray),Fox,NR,2013,TV Classics,2/11/2014
M0000000031,Americans: The Complete 2nd Season,Fox,NR,2014,TV Classics,12/16/2014
M0000000032,Americans: The Complete 3rd Season,Fox,NR,2015,TV Classics,3/1/2016
M0000000033,Americans: The Complete 4th Season,Fox,NR,2016,TV Classics,3/7/2017
M0000000034,Americathon (Archive Collection/ On Demand DVD-R),Warner Brothers Digital Dist.,PG,1979,Comedy,11/30/2010
M0000000035,Amerie: Touch (DualDisc),Sony Music,NR,UNK,Music,7/19/2005
M0000000036,AmeriGeddon,Momentum Pictures,PG-13,2016,Action/Adventure,10/4/2016
M0000000037,Julius Caesar: A DVD Study Guide (Old Version),Rocketbook,NR,UNK,Special Interest,8/2/2005
M0000000038,Julius Caesar: His Time Has Come,GoodTimes Media,NR,2002,Drama,10/26/2004
M0000000039,Julius Caesar: Master Of The Roman World: A&E Biography (A&E Direct/ On Demand DVD-R),A&E Video,NR,1993,Documentary,5/19/2009
M0000000040,Julius Erving: Greatest Sports Legends,Hoop Haven,NR,UNK,Sports,1/1/2005
M0000000041,Julius Jr.: Pirates And Superheores,Lions Gate,NR,UNK,Family,2/24/2015
M0000000042,Julius Jr.: Snow Monkey Adventures,Lions Gate,NR,UNK,Family,12/2/2014
M0000000043,July Rhapsody,Tai Seng,NR,2002,Drama,8/27/2002
M0000000044,Jumanji (1995),Columbia/Tri-Star,PG,1995,Family,1/15/2001
M0000000045,Jumanji (1995/ 20th Anniversary Edition/ Blu-ray w/ Digital Copy),Sony Pictures,PG,1995,Action/Adventure,9/22/2015
M0000000046,"LEGO: Legends Of Chima: Season 1, Part 1",Warner Brothers,NR,2013,Animation,1/28/2014
M0000000047,"LEGO: Legends Of Chima: Season 1, Part 2",Warner Brothers,NR,2013,Animation,8/5/2014
M0000000048,"LEGO: Legends Of Chima: Season 2, Part 1: Quest For The Legend Beasts",Warner Brothers,NR,2014,Animation,4/7/2015
M0000000049,"LEGO: Legends Of Chima: Season 2, Part 2: Legend Of The Fire Chi",Warner Brothers,NR,2014,Animation,9/1/2015
M0000000050,LEGO: Legends Of Chima: The Power Of The Chi,Warner Brothers,NR,2013,Animation,6/11/2013
M0000000051,LEGO: Ninjago & The Hero Factory,Warner Brothers,NR,UNK,Animation,1/14/2014
M0000000052,LEGO: Ninjago: Masters Of Spinjitzu,Warner Brothers,NR,2011,Animation,3/27/2012
M0000000053,LEGO: Ninjago: Masters Of Spinjitzu: Rise Of The Green Ninja,Warner Brothers,NR,2011,Animation,12/11/2012
M0000000054,LEGO: Ninjago: Masters Of Spinjitzu: Season 1,Warner Brothers,NR,2011,Animation,6/26/2012
M0000000055,LEGO: Ninjago: Masters Of Spinjitzu: Season 2,Warner Brothers,NR,2011,Animation,3/5/2013
M0000000056,LEGO: Ninjago: Masters Of Spinjitzu: Season 2 (Blu-ray),Warner Brothers,NR,2011,Animation,3/5/2013
M0000000057,"LEGO: Ninjago: Masters Of Spinjitzu: Season 3, Part 1",Warner Brothers Digital Dist.,NR,2012,Animation,8/5/2014
M0000000058,"LEGO: Ninjago: Masters Of Spinjitzu: Season 3, Part 1 (Alternate UPC)",Warner Brothers Digital Dist.,NR,2012,Animation,8/5/2014
M0000000059,LEGO: Star Wars: The Empire Strikes Out,Fox,G,2012,Animation,3/26/2013
M0000000060,LEGO: Star Wars: The Padawan Menace (DVD & Blu-ray Combo),Fox,NR,2011,Animation,2/7/2012
M0000000061,LEGO: The Adventures Of Clutch Powers,Universal,NR,2010,Animation,2/23/2010
M0000000062,LEGO: The Adventures Of Clutch Powers (Happy Faces Version),Universal,NR,2010,Animation,2/3/2015
M0000000063,LEGO: The Adventures Of Clutch Powers (w/ Movie Cash),Universal,NR,2010,Animation,11/1/2016
M0000000064,Legong: Dance Of The Virgins,Image,NR,1935,Drama,11/16/2004
M0000000065,LEGP NEXO Knights: Season 1,Warner Brothers,NR,2015,Animation,7/26/2016
M0000000066,Legrand: Michael Legrand And The Cinema: Orchestre National D'Ile De France,Arthaus Musik,NR,UNK,Music,5/31/2011
M0000000067,Legs Of Steel: Long And Lean,Warner Brothers,NR,UNK,Exercise,4/14/2009
M0000000068,Legwork: How To Walk In High Heels / The Secret To Sexy Heel Wearing & Fitness,Legwork Video,NR,UNK,Special Interest,9/1/2006
M0000000069,Lehar: Count Of Luxembourg: Eberhard Wachter / Lilian Sukis / Erich Kunz: Symphony Orchestra Kurt Graunke,Arthaus Musik,NR,1972,Opera,5/29/2012
M0000000070,Lehar: Das Land Des Lachelns ['The Land Of Smiles']: Ingrid Habermann / Dietmar Kerschbaum / Sangho Choi,Videoland,NR,UNK,Opera,10/14/2014
M0000000072,"Talking Baseball With Ed Randall: Pittsburgh Pirates, Vol. 1",Team Marketing,NR,UNK,Sports,6/14/2011
M0000000073,"Talking Baseball With Ed Randall: San Francisco Giants, Vol. 1",Team Marketing,NR,UNK,Sports,6/14/2011
M0000000074,"Talking Baseball With Ed Randall: St. Louis Cardinals, Vol. 1",Team Marketing,NR,UNK,Sports,6/14/2011
M0000000075,Talking Cat!?! (Phase 4 Films),Phase 4 Films,NR,2013,Sports,6/14/2011
M0000000076,Talking Cat!?! (Rapid Heart Pictures),Rapid Heart Pictures,NR,2013,Family,6/23/2015
M0000000077,Talking Cat!?! (Rapid Heart Pictures/ Dist. by Phase 4 Films),Rapid Heart Pictures,NR,2013,Family,2/5/2013
M0000000078,Talking Drums,Alfred Publishing,NR,2009,Family,6/23/2015
M0000000079,Talking Eggs,Weston Woods,NR,2011,Special Interest,10/6/2009
M0000000080,Talking Feet: Solo Southern Dance Flatfoot Buck And Tap,Folkways,NR,UNK,Family,9/1/2011
M0000000081,Talking Folklore Center,Gazell Records,NR,UNK,Music,4/24/2007
M0000000082,Talking Hands: A Sign Language Video For Children (Brainy Baby),Brainy Baby,NR,UNK,Music,8/14/2015
M0000000083,Talking Hands: A Sign Language Video For Children (Small Fry Productions),Small Fry Productions,NR,UNK,Family,10/4/2005
M0000000084,Talking Heads: '77 (DualDisc),Rhino,NR,UNK,Special Interest,3/15/2005
M0000000085,Talking Heads: Chronology,Eagle Vision,NR,UNK,Music,1/10/2006
M0000000086,Talking Heads: Chronology (Deluxe Edition),Eagle Vision,NR,UNK,Music,1/31/2012
M0000000087,Wagner: Parsifal: Richard Decker / Matthias Holle / Wolfgan Schone (3-Disc),Dynamic Italy,NR,UNK,Music,11/21/2011
M0000000088,Wagner: Parsifal: Siegfried Jerusalem / Eva Randova / Bernd Weikl,Deutsche Grammophon,NR,1982,Opera,11/14/2006
M0000000089,Wagner: Parsifal: Simon O'Neill / Rene Pape / Gerald Finley,BBC Opus Arte,NR,UNK,Opera,9/11/2007
M0000000090,Wagner: Parsifal: Simon O'Neill / Rene Pape / Gerald Finley (Blu-ray),BBC Opus Arte,NR,UNK,Opera,11/18/2014
M0000000091,Wagner: Parsifal: Valery Gergiev,Kultur,NR,UNK,Opera,11/18/2014
M0000000092,Wagner: Parsifal: Waltraud Meier / Matti Salminen / Thomas Hampson,BBC Opus Arte,NR,UNK,Opera,8/21/2001
M0000000093,Wagner: Parsifal: Waltraud Meier / Matti Salminen / Thomas Hampson (Blu-ray),BBC Opus Arte,NR,UNK,Opera,5/17/2005
M0000000094,Wagner: Parsifal: Waltraud Meier / Siegfried Jerusalem / Kurt Moll: Metropolitan Opera,Deutsche Grammophon,NR,1993,Opera,5/25/2010
M0000000095,Wagner: Parsifal: Wolfgang Koch / Rene Pape / Andreas Schager,BelAir Classiques,NR,UNK,Opera,10/29/2002
M0000000096,Wagner: Parsifal: Wolfgang Koch / Rene Pape / Andreas Schager (Blu-ray),BelAir Classiques,NR,UNK,Opera,9/30/2016
M0000000097,Wagner: Parsifal: Yvonne Naef / Christopher Ventris / Michael Volle,Deutsche Grammophon,NR,UNK,Opera,9/30/2016
M0000000098,"Wagner: Part I, Vol. 11 (DVD-ROM/CD-ROM Combo)",CD Sheet Music,NR,2009,Opera,10/14/2008
M0000000099,Wagner: Rienzi Der Letzte Der Tribunen [The Last Of The Tribunes] (Blu-ray),Arthaus Musik,NR,UNK,Special Interest,8/1/2009
M0000000100,Wagner: Rienzi: Der Letzte Der Tribunen [The Last Of The Tribunes]: Torsten Kerl / Kate Aldrich / Camilla Nylund,Arthaus Musik,NR,UNK,Opera,9/28/2010
M0000000101,Wagner: Rienzi: Torsten Kerl / Marika Schonberg / Daniela Sindram,BBC Opus Arte,NR,UNK,Opera,9/28/2010
M0000000102,Wagner: Rienzi: Torsten Kerl / Marika Schonberg / Daniela Sindram (Blu-ray),BBC Opus Arte,NR,UNK,Opera,9/24/2013
