MemberID,LastName,FirstName,PhoneNum,Email,StreetAddress,City,State,Zip,Password,Balance
100000014,Wilson,Kyle,(266) 528-9350,erat@nascetur.net,"P.O. Box 438, 4734 Aliquam, Avenue",Iowa City,IA,52243,2632,93.37
100000072,Blevins,Blake,(746) 520-2477,augue@rhoncusDonec.co.uk,"P.O. Box 173, 9735 Enim. Rd.",Iowa City,IA,52242,4202,17.4
100000067,Obrien,Gabriel,(938) 223-4524,Praesent.eu@risusquis.org,481-6431 Tempus Ave,Iowa City,IA,52244,5967,13.95
100000055,Schwartz,Lane,(236) 244-2041,mi.Duis.risus@arcueuodio.co.uk,832-7343 Libero St.,Iowa City,IA,52246,4591,13.35
100000029,Dickson,Marcia,(400) 781-1148,est@mitempor.co.uk,Ap #659-4875 Nunc Rd.,Coralville,IA,52241,9658,13.1
100000069,Walsh,Zeph,(580) 483-6063,Suspendisse.sed@mollisPhaselluslibero.edu,733-8767 Sit St.,Iowa City,IA,52243,8123,9.35
100000027,Carpenter,Byron,(805) 318-4696,magna.a@lacusUtnec.edu,Ap #219-6871 Interdum. Street,Iowa City,IA,52243,2717,8.35
100000050,Kennedy,Gabriel,(288) 325-1730,nec.cursus@estcongue.org,"P.O. Box 454, 2557 Auctor, St.",Iowa City,IA,52243,1702,7.25
100000045,Livingston,Dai,(504) 810-4070,sem@congue.co.uk,"P.O. Box 499, 5446 Nec, Rd.",Iowa City,IA,52243,5993,7.1
100000070,Sears,Forrest,(637) 571-9089,elit@quamPellentesquehabitant.com,Ap #403-2774 Urna. Road,Iowa City,IA,52243,2160,6.1
100000037,Dominguez,Blake,(756) 117-7260,varius.Nam.porttitor@tempor.co.uk,Ap #555-6101 Eu St.,Iowa City,IA,52244,3615,4.15
100000059,Michael,Carol,(539) 605-9104,Nam.ac@idsapienCras.ca,665-5091 Tellus St.,Iowa City,IA,52242,2026,4.1
100000054,Barton,Jolene,(575) 212-5011,parturient@molestie.co.uk,Ap #915-2303 Quis Street,Iowa City,IA,52242,7651,3.65
100000052,Harrison,Drew,(595) 617-1663,sollicitudin.commodo@Nunclaoreet.org,Ap #403-8378 Parturient Av.,Iowa City,IA,52240,6374,3.25
100000023,Craft,Clinton,(961) 498-4537,ullamcorper.Duis@nunc.ca,"7306 Vulputate, Rd.",Iowa City,IA,52242,5939,2.5
100000033,Booker,Cecilia,(863) 740-8871,convallis.convallis.dolor@elementum.co.uk,785-9703 Augue Avenue,Coralville,IA,52241,5788,1.8
100000010,Berg,Denise,(803) 742-8053,magna.Suspendisse.tristique@posuerevulputate.co.uk,"P.O. Box 832, 8881 Aliquet, St.",Coralville,IA,52241,6254,1
100000022,Bruce,Dorian,(637) 885-4924,et.rutrum@Duis.ca,"Ap #120-1021 Orci, Street",Iowa City,IA,52240,9009,1
100000031,Kramer,Odessa,(917) 682-0894,sociis.natoque.penatibus@ullamcorpermagnaSed.edu,"P.O. Box 655, 3256 Fusce St.",Iowa City,IA,52240,1694,1
100000077,Ayers,Erich,(232) 544-5606,Donec@dictumplacerat.co.uk,799-7842 Nonummy Street,Iowa City,IA,52240,6692,1
100000097,Meyer,Xantha,(434) 349-0056,purus@tristiquesenectus.ca,3358 Rutrum Av.,Iowa City,IA,52246,7071,1
100000098,Buchanan,Simone,(421) 176-5251,malesuada.vel.convallis@Phasellus.net,Ap #909-4491 Pellentesque Street,Coralville,IA,52241,7315,1
100000009,Kent,Forrest,(467) 427-8778,ullamcorper.velit.in@enimnectempus.org,152-5590 Facilisis Street,Iowa City,IA,52242,3702,0.5
100000063,Baker,Ralph,(210) 882-8241,pede.nonummy@enimnectempus.co.uk,8627 Aliquet. Road,Iowa City,IA,52242,7791,0.5
100000095,Goff,Wing,(950) 850-5777,iaculis.enim@Curabitur.co.uk,623-3866 Faucibus Ave,Iowa City,IA,52242,6624,0.5
100000008,Wilkerson,Tobias,(814) 179-4245,elementum.lorem.ut@variusultricesmauris.net,848 Pede. Ave,Iowa City,IA,52242,9873,0.2
100000040,Porter,Wynne,(433) 917-2679,blandit.Nam@tellus.com,Ap #350-9786 Neque Av.,Iowa City,IA,52242,7189,0.2
100000001,Pollard,Magee,(977) 165-8686,elit.dictum@semutdolor.org,352 Vestibulum. Avenue,Iowa City,IA,52242,7968,0
100000002,Mason,Dexter,(646) 378-2218,at.iaculis.quis@tortordictumeu.edu,8442 Nibh Rd.,Iowa City,IA,52245,1151,0
100000003,Weiss,Gabriel,(764) 208-1199,Suspendisse.eleifend.Cras@Integersemelit.edu,Ap #903-9784 Nullam Rd.,Iowa City,IA,52245,5474,0
100000004,Wiggins,Adena,(283) 675-7822,egestas@enim.edu,286 Proin Ave,Iowa City,IA,52242,5311,0
100000005,Giles,Cairo,(937) 477-5288,vitae.semper@libero.edu,112-3885 Nulla St.,Iowa City,IA,52245,3139,0
100000006,Davenport,Dana,(915) 891-1029,sodales@Pellentesque.org,6602 Rhoncus Rd.,Coralville,IA,52241,8199,0
100000007,Mullins,Cooper,(844) 222-3949,ac@tellusSuspendissesed.net,Ap #211-9346 Turpis Ave,Iowa City,IA,52245,5749,0
100000011,Crane,Igor,(803) 533-3786,sociis.natoque@scelerisquedui.co.uk,456-5021 Nulla. Rd.,Iowa City,IA,52243,7067,0
100000012,Holman,Wendy,(787) 427-9435,vitae.dolor.Donec@tellusNunclectus.edu,694 Mi. St.,Iowa City,IA,52246,1724,0
100000013,Rutledge,Urielle,(670) 255-9652,non.quam.Pellentesque@Pellentesque.net,"P.O. Box 880, 8234 Quam Ave",Iowa City,IA,52240,9958,0
100000015,Morrow,Naomi,(943) 863-7704,leo.elementum.sem@utmiDuis.co.uk,3599 Proin St.,Iowa City,IA,52245,1123,0
100000016,Sosa,Lucius,(851) 355-6032,a.malesuada.id@Craseutellus.com,5327 Lacus. Ave,Iowa City,IA,52243,7165,0
100000017,Edwards,Quyn,(929) 185-6294,Sed@fringillaest.net,274-1038 Eget Ave,Coralville,IA,52241,9221,0
100000018,Case,Clinton,(483) 311-1940,eu.turpis@imperdietdictum.com,640 Curabitur Rd.,Coralville,IA,52241,8697,0
100000019,Trujillo,Lacy,(818) 539-6304,vitae.sodales.nisi@perinceptoshymenaeos.org,Ap #890-6514 Ut St.,Iowa City,IA,52244,3192,0
100000020,Moses,Nina,(371) 751-6994,et@semperet.co.uk,"P.O. Box 546, 1851 Egestas Rd.",Coralville,IA,52241,2288,0
100000021,Rivera,Hilda,(637) 981-7568,sit.amet@malesuadafames.org,"P.O. Box 913, 3276 Malesuada. Avenue",Iowa City,IA,52244,6511,0
100000024,Garner,Haviva,(235) 585-4230,Donec.elementum.lorem@nec.edu,Ap #240-7758 Arcu Ave,Iowa City,IA,52241,1260,0
100000025,Compton,Signe,(536) 905-5542,lacus.Etiam.bibendum@augueut.edu,4536 Facilisi. St.,Iowa City,IA,52243,3267,0
100000026,Whitehead,Brooke,(977) 473-9393,ut.erat.Sed@sitametconsectetuer.ca,9031 Mus. Rd.,Iowa City,IA,52243,3590,0
100000028,Lewis,Germane,(958) 404-8917,placerat@semconsequatnec.co.uk,"P.O. Box 572, 729 Montes, Rd.",Iowa City,IA,52245,4152,0
100000030,Guerra,Cruz,(623) 269-7022,massa.non.ante@Nunclectus.edu,3203 Eget Avenue,Iowa City,IA,52243,3660,0
100000032,Blackburn,Brenden,(395) 411-7871,nulla.magna@tristiquepellentesquetellus.org,938 Lectus Street,Iowa City,IA,52245,4206,0
100000034,Gilbert,Juliet,(146) 759-6468,neque.Sed.eget@arcuimperdietullamcorper.edu,243-3164 Velit. Rd.,Iowa City,IA,52246,3292,0
100000035,Villarreal,Chanda,(386) 994-8471,et.rutrum.non@ipsum.net,"P.O. Box 847, 803 Tincidunt, Rd.",Iowa City,IA,52245,9571,0
100000036,Kirkland,Dennis,(190) 446-4155,libero@semperpretiumneque.com,7764 Neque Ave,Iowa City,IA,52241,3604,0
100000038,Coleman,Theodore,(492) 939-9861,elementum@luctus.net,946-8871 Vulputate St.,Iowa City,IA,52246,6656,0
100000039,Mendoza,Nathaniel,(826) 680-1984,tristique.pellentesque@ridiculus.net,454-4846 Ipsum Rd.,Coralville,IA,52241,9899,0
100000041,Mccray,Macaulay,(453) 585-3568,et@arcu.ca,"P.O. Box 755, 4116 Aenean Rd.",Iowa City,IA,52243,4937,0
100000042,Puckett,Rylee,(600) 484-9142,dictum@elementumlorem.net,Ap #884-7303 Sed Ave,Iowa City,IA,52245,3021,0
100000043,Bonner,Azalia,(493) 998-8067,ut.cursus.luctus@tellus.edu,631-1650 At Avenue,Iowa City,IA,52240,6974,0
100000044,Lindsey,Constance,(643) 772-4762,vel@Proinnon.ca,2025 Donec Av.,Coralville,IA,52241,2574,0
100000046,Howard,Tatiana,(900) 726-5505,vestibulum@dictummiac.edu,"P.O. Box 146, 4605 Et, Av.",Iowa City,IA,52243,1300,0
100000047,Bryan,Grant,(214) 593-1235,lorem.vitae.odio@sagittissemper.edu,"Ap #534-553 Ante, Ave",Iowa City,IA,52243,8987,0
100000048,Cooke,Jermaine,(371) 531-7132,mi@quisdiamPellentesque.net,"P.O. Box 189, 8532 Commodo Road",Iowa City,IA,52242,3281,0
100000049,Snyder,Nina,(989) 614-4967,Nunc.quis.arcu@ornare.net,"P.O. Box 103, 5098 Tempus Avenue",Iowa City,IA,52243,3027,0
100000051,Russell,Carlos,(300) 499-4628,Nulla@etipsumcursus.net,949-3819 Semper Rd.,Iowa City,IA,52240,6272,0
100000053,Orr,Chava,(219) 362-4975,et@tinciduntnunc.com,1620 Tristique St.,Iowa City,IA,52245,5347,0
100000056,Russell,Wilma,(500) 871-2350,ipsum.Phasellus@lobortis.ca,Ap #952-2114 Nisi St.,Iowa City,IA,52245,3970,0
100000057,Pugh,Kaseem,(643) 527-8903,consectetuer.adipiscing.elit@porttitor.co.uk,"P.O. Box 195, 987 Sed Avenue",Iowa City,IA,52246,8349,0
100000058,Cantrell,Fletcher,(969) 429-9010,Nunc.commodo.auctor@Curabiturvel.ca,"P.O. Box 254, 3315 Lacinia Rd.",Iowa City,IA,52245,9062,0
100000060,Simpson,Brandon,(111) 763-7821,enim.mi@cursusetmagna.co.uk,2466 Luctus Road,Iowa City,IA,52244,4255,0
100000061,Nunez,Nehru,(799) 335-1500,a.scelerisque@Maecenasmalesuadafringilla.edu,Ap #822-4264 Sed St.,Coralville,IA,52241,3245,0
100000062,Fulton,Savannah,(457) 919-6475,Maecenas.iaculis.aliquet@dui.net,9286 Proin Ave,Iowa City,IA,52245,4186,0
100000064,Cochran,Fitzgerald,(226) 466-8734,nec@Sed.co.uk,Ap #620-8443 Vitae Avenue,Iowa City,IA,52243,6200,0
100000065,Shaw,Hall,(570) 533-9234,rutrum.Fusce@vitaeerat.co.uk,6375 Quis Rd.,Iowa City,IA,52244,2093,0
100000066,Watkins,Sopoline,(586) 668-9432,Nunc@placerat.org,Ap #852-3663 Volutpat Ave,Iowa City,IA,52243,3163,0
100000068,Macdonald,Leila,(315) 309-0349,ac@elementumpurus.co.uk,"P.O. Box 623, 8442 Luctus Ave",Iowa City,IA,52244,3042,0
100000071,Rich,Henry,(965) 375-7866,Integer.sem@mi.edu,698 Blandit. St.,Iowa City,IA,52243,5371,0
100000073,Ellis,Ifeoma,(895) 609-1164,Duis.mi@estmauris.ca,Ap #275-6283 Amet Avenue,Iowa City,IA,52240,2179,0
100000074,Leon,Belle,(266) 141-3035,risus@scelerisquemollisPhasellus.edu,1231 Sed Ave,Iowa City,IA,52243,7827,0
100000075,Moses,Timon,(467) 155-2584,ut.dolor@urna.com,505-647 Curabitur St.,Iowa City,IA,52243,3647,0
100000076,Cooley,Debra,(183) 169-1690,enim.Curabitur@tacitisociosqu.org,"P.O. Box 491, 5556 Phasellus Avenue",Iowa City,IA,52245,8258,0
100000078,Scott,Caesar,(309) 428-8674,velit.Quisque@elit.co.uk,"P.O. Box 418, 7801 Lorem Road",Iowa City,IA,52240,4701,0
100000079,Grant,Maxwell,(303) 168-8017,tellus.Aenean.egestas@scelerisquesed.ca,"P.O. Box 677, 9942 Facilisis Rd.",Iowa City,IA,52240,2148,0
100000080,George,Faith,(871) 130-2738,Suspendisse.dui@Crasegetnisi.org,5668 Magna St.,Iowa City,IA,52245,5763,0
100000081,Gates,Athena,(205) 672-3065,neque@elitpretium.ca,Ap #836-5804 Erat St.,Coralville,IA,52241,9955,0
100000082,Dalton,Nina,(567) 861-8030,dignissim.tempor.arcu@nislQuisquefringilla.edu,1472 Donec Rd.,Iowa City,IA,52245,4809,0
100000083,Jacobs,Timothy,(898) 877-8494,malesuada.augue.ut@nisiMauris.edu,"P.O. Box 465, 9232 Enim. Road",Iowa City,IA,52244,4807,0
100000084,Wade,David,(471) 513-3635,ullamcorper@lacus.net,"P.O. Box 293, 8247 Aliquet. Av.",Iowa City,IA,52242,9139,0
100000085,Holland,Latifah,(479) 256-2337,ornare@sagittisDuisgravida.com,"P.O. Box 215, 1594 Vel Rd.",Iowa City,IA,52243,4229,0
100000086,Bean,Joel,(942) 113-3220,Donec@convallisante.com,"P.O. Box 642, 9302 Fames Rd.",Iowa City,IA,52243,8980,0
100000087,Diaz,Salvador,(695) 674-1591,et.rutrum@vitaesodalesat.co.uk,553-7204 Integer Av.,Iowa City,IA,52242,4829,0
100000088,Sanchez,Morgan,(279) 572-9875,odio.sagittis.semper@estmaurisrhoncus.ca,"P.O. Box 712, 8898 Turpis Ave",Iowa City,IA,52246,9791,0
100000089,Griffin,Leonard,(368) 400-9480,fermentum.metus@molestie.net,"P.O. Box 124, 3196 Ante St.",Coralville,IA,52241,8286,0
100000090,Kennedy,Fulton,(340) 486-2634,vel.nisl.Quisque@duilectusrutrum.com,Ap #737-8564 Quisque Road,Iowa City,IA,52245,1275,0
100000091,Castaneda,Garrison,(985) 616-2638,adipiscing.elit.Curabitur@Integertincidunt.org,9778 Consectetuer Street,Coralville,IA,52241,3152,0
100000092,Mcneil,Rylee,(250) 453-6721,diam.Duis.mi@morbi.com,"P.O. Box 815, 4846 Ut Rd.",Coralville,IA,52241,8213,0
100000093,Morse,Ivor,(151) 631-2984,erat.vel@accumsannequeet.ca,251-1884 Ipsum Ave,Iowa City,IA,52244,2270,0
100000094,Serrano,Malachi,(753) 222-9899,luctus.et.ultrices@parturientmontesnascetur.edu,Ap #904-1915 Tellus. Rd.,Coralville,IA,52241,8613,0
100000096,Whitfield,Vernon,(778) 162-6876,dolor@pede.co.uk,502-8552 Lacinia Avenue,Iowa City,IA,52243,9962,0
100000099,Vargas,Karina,(465) 936-3567,ut@Phasellusdolor.edu,594-7896 Aliquam Rd.,Iowa City,IA,52244,7517,0
100000100,Mclaughlin,Russell,(568) 186-3954,magnis.dis.parturient@ataugueid.ca,6590 Bibendum. Road,Iowa City,IA,52241,6901,0
